timestamp,feature_name,tokens_used,api_cost_usd,manual_time_saved_mins,hourly_labor_rate
2026-03-16 19:54:11.655942,AI_Email_Composer,3511,0.0351,0.46,30
2026-02-15 19:54:11.656171,AI_Support_Bot,2246,0.0449,11.14,25
2026-02-25 19:54:11.656241,AI_Email_Composer,2230,0.0223,7.28,30
2026-03-06 19:54:11.656297,AI_Support_Bot,3412,0.0682,13.2,25
2026-03-14 19:54:11.656349,AI_Support_Bot,1343,0.0269,9.45,25
2026-03-16 19:54:11.656399,AI_Support_Bot,2901,0.058,9.78,25
2026-02-24 19:54:11.656451,AI_Code_Refactor,2210,0.0663,17.78,60
2026-02-16 19:54:11.656501,AI_Code_Refactor,1137,0.0341,20.47,60
2026-03-02 19:54:11.656552,AI_Support_Bot,2111,0.0422,13.17,25
2026-02-26 19:54:11.656608,AI_Email_Composer,1948,0.0195,6.18,30
2026-03-07 19:54:11.656665,AI_Support_Bot,1184,0.0237,15.62,25
2026-02-25 19:54:11.656716,AI_Email_Composer,2215,0.0221,4.73,30
2026-02-26 19:54:11.656807,AI_Code_Refactor,2080,0.0624,22.63,60
2026-02-26 19:54:11.656922,AI_Email_Composer,1717,0.0172,3.86,30
2026-03-04 19:54:11.656979,AI_Code_Refactor,1151,0.0345,22.2,60
2026-02-19 19:54:11.657030,AI_Support_Bot,1411,0.0282,8.87,25
2026-03-16 19:54:11.657079,AI_Code_Refactor,3525,0.1057,22.0,60
2026-02-15 19:54:11.657130,AI_Support_Bot,2112,0.0422,12.2,25
2026-02-15 19:54:11.657186,AI_Email_Composer,1680,0.0168,2.69,30
2026-02-27 19:54:11.657235,AI_Support_Bot,889,0.0178,14.2,25
2026-02-16 19:54:11.657283,AI_Code_Refactor,1794,0.0538,19.99,60
2026-03-03 19:54:11.657333,AI_Support_Bot,3791,0.0758,8.78,25
2026-03-07 19:54:11.657383,AI_Code_Refactor,2313,0.0694,18.51,60
2026-03-09 19:54:11.657432,AI_Code_Refactor,854,0.0256,16.67,60
2026-03-10 19:54:11.657487,AI_Support_Bot,3449,0.069,9.32,25
2026-03-06 19:54:11.657546,AI_Code_Refactor,3061,0.0918,21.42,60
2026-03-12 19:54:11.657610,AI_Email_Composer,887,0.0089,6.88,30
2026-02-27 19:54:11.657664,AI_Support_Bot,2616,0.0523,9.76,25
2026-03-03 19:54:11.657720,AI_Code_Refactor,607,0.0182,23.42,60
2026-02-21 19:54:11.657778,AI_Support_Bot,2862,0.0572,10.66,25
2026-02-27 19:54:11.657883,AI_Support_Bot,1378,0.0276,8.72,25
2026-02-23 19:54:11.657938,AI_Email_Composer,1272,0.0127,3.52,30
2026-03-16 19:54:11.657978,AI_Support_Bot,1603,0.0321,9.85,25
2026-02-23 19:54:11.658017,AI_Support_Bot,2198,0.044,9.71,25
2026-02-27 19:54:11.658057,AI_Email_Composer,3317,0.0332,6.52,30
2026-03-06 19:54:11.658095,AI_Support_Bot,731,0.0146,9.89,25
2026-03-12 19:54:11.658133,AI_Code_Refactor,3403,0.1021,24.08,60
2026-02-20 19:54:11.658171,AI_Email_Composer,3863,0.0386,10.97,30
2026-02-28 19:54:11.658219,AI_Support_Bot,3169,0.0634,15.03,25
2026-03-01 19:54:11.658257,AI_Code_Refactor,2322,0.0697,24.58,60
2026-02-21 19:54:11.658296,AI_Email_Composer,1970,0.0197,4.83,30
2026-03-02 19:54:11.658335,AI_Code_Refactor,1301,0.039,22.01,60
2026-03-11 19:54:11.658373,AI_Email_Composer,1735,0.0174,4.87,30
2026-02-20 19:54:11.658411,AI_Code_Refactor,609,0.0183,17.66,60
2026-03-01 19:54:11.658454,AI_Support_Bot,2288,0.0458,9.08,25
2026-03-10 19:54:11.658492,AI_Email_Composer,3610,0.0361,3.48,30
2026-03-15 19:54:11.658530,AI_Code_Refactor,733,0.022,22.58,60
2026-03-09 19:54:11.658568,AI_Support_Bot,3901,0.078,11.11,25
2026-02-19 19:54:11.658612,AI_Code_Refactor,790,0.0237,20.34,60
2026-03-09 19:54:11.658651,AI_Email_Composer,1142,0.0114,7.22,30
2026-02-28 19:54:11.658689,AI_Support_Bot,1031,0.0206,9.6,25
2026-02-26 19:54:11.658728,AI_Email_Composer,2485,0.0249,3.0,30
2026-02-28 19:54:11.658783,AI_Support_Bot,2424,0.0485,8.43,25
2026-03-14 19:54:11.658825,AI_Support_Bot,2247,0.0449,11.67,25
2026-02-19 19:54:11.658914,AI_Code_Refactor,1889,0.0567,19.15,60
2026-03-07 19:54:11.658954,AI_Email_Composer,1563,0.0156,4.5,30
2026-03-12 19:54:11.658993,AI_Support_Bot,1390,0.0278,10.48,25
2026-03-05 19:54:11.659038,AI_Email_Composer,3336,0.0334,6.8,30
2026-02-24 19:54:11.659077,AI_Email_Composer,1253,0.0125,6.79,30
2026-03-15 19:54:11.659116,AI_Code_Refactor,2466,0.074,23.41,60
2026-03-15 19:54:11.659154,AI_Email_Composer,861,0.0086,4.44,30
2026-03-09 19:54:11.659192,AI_Code_Refactor,3583,0.1075,19.76,60
2026-02-24 19:54:11.659230,AI_Support_Bot,3177,0.0635,7.48,25
2026-03-06 19:54:11.659268,AI_Support_Bot,3507,0.0701,9.35,25
2026-03-11 19:54:11.659310,AI_Support_Bot,1552,0.031,8.29,25
2026-03-01 19:54:11.659373,AI_Code_Refactor,2344,0.0703,25.02,60
2026-02-24 19:54:11.659450,AI_Support_Bot,517,0.0103,13.2,25
2026-03-09 19:54:11.659516,AI_Code_Refactor,3126,0.0938,15.71,60
2026-03-09 19:54:11.659586,AI_Email_Composer,3243,0.0324,4.46,30
2026-03-12 19:54:11.659681,AI_Support_Bot,3554,0.0711,7.74,25
2026-03-07 19:54:11.659904,AI_Code_Refactor,2389,0.0717,19.37,60
2026-03-08 19:54:11.660040,AI_Support_Bot,2149,0.043,7.5,25
2026-02-28 19:54:11.660111,AI_Support_Bot,3591,0.0718,10.05,25
2026-02-23 19:54:11.660175,AI_Support_Bot,3869,0.0774,14.6,25
2026-02-16 19:54:11.660240,AI_Support_Bot,1840,0.0368,11.78,25
2026-02-18 19:54:11.660306,AI_Code_Refactor,1931,0.0579,17.7,60
2026-03-04 19:54:11.660391,AI_Code_Refactor,3739,0.1122,20.38,60
2026-03-12 19:54:11.660469,AI_Code_Refactor,1369,0.0411,22.79,60
2026-03-14 19:54:11.660531,AI_Support_Bot,3803,0.0761,6.44,25
2026-03-01 19:54:11.660583,AI_Code_Refactor,1091,0.0327,19.76,60
2026-02-16 19:54:11.660645,AI_Support_Bot,783,0.0157,10.84,25
2026-03-03 19:54:11.660777,AI_Code_Refactor,3065,0.0919,18.81,60
2026-03-02 19:54:11.660872,AI_Support_Bot,2269,0.0454,9.22,25
2026-03-07 19:54:11.660936,AI_Code_Refactor,2933,0.088,19.57,60
2026-03-11 19:54:11.661009,AI_Code_Refactor,1758,0.0527,16.71,60
2026-03-05 19:54:11.661073,AI_Support_Bot,653,0.0131,7.97,25
2026-03-07 19:54:11.661140,AI_Email_Composer,1329,0.0133,6.36,30
2026-03-12 19:54:11.661202,AI_Code_Refactor,3898,0.1169,18.32,60
2026-02-20 19:54:11.661267,AI_Support_Bot,1149,0.023,10.27,25
2026-02-25 19:54:11.661329,AI_Email_Composer,1745,0.0175,6.1,30
2026-02-20 19:54:11.661424,AI_Support_Bot,3651,0.073,8.8,25
2026-02-26 19:54:11.661484,AI_Code_Refactor,3997,0.1199,20.2,60
2026-03-16 19:54:11.661544,AI_Email_Composer,578,0.0058,4.02,30
2026-02-17 19:54:11.661602,AI_Email_Composer,1540,0.0154,4.3,30
2026-03-16 19:54:11.661729,AI_Support_Bot,1321,0.0264,14.43,25
2026-03-12 19:54:11.661830,AI_Support_Bot,2405,0.0481,10.1,25
2026-03-02 19:54:11.661912,AI_Support_Bot,1783,0.0357,9.95,25
2026-03-01 19:54:11.661976,AI_Support_Bot,3591,0.0718,10.31,25
2026-03-06 19:54:11.662124,AI_Support_Bot,3113,0.0623,5.86,25
2026-03-04 19:54:11.662196,AI_Support_Bot,3293,0.0659,10.64,25
2026-03-09 19:54:11.662258,AI_Code_Refactor,1138,0.0341,23.8,60
2026-02-28 19:54:11.662323,AI_Support_Bot,2170,0.0434,8.91,25
2026-03-14 19:54:11.662411,AI_Support_Bot,2130,0.0426,9.88,25
2026-02-15 19:54:11.662475,AI_Support_Bot,3110,0.0622,13.96,25
2026-03-04 19:54:11.662528,AI_Support_Bot,3883,0.0777,10.92,25
2026-03-13 19:54:11.662580,AI_Code_Refactor,1275,0.0382,20.24,60
2026-03-01 19:54:11.662636,AI_Email_Composer,2476,0.0248,4.51,30
2026-02-23 19:54:11.662757,AI_Support_Bot,501,0.01,10.79,25
2026-02-21 19:54:11.662806,AI_Support_Bot,2751,0.055,13.43,25
2026-02-23 19:54:11.662848,AI_Email_Composer,2909,0.0291,2.41,30
2026-03-14 19:54:11.662887,AI_Code_Refactor,2176,0.0653,17.74,60
2026-03-12 19:54:11.662925,AI_Support_Bot,925,0.0185,5.59,25
2026-03-05 19:54:11.662963,AI_Support_Bot,3903,0.0781,10.44,25
2026-02-23 19:54:11.663002,AI_Code_Refactor,3589,0.1077,19.25,60
2026-02-25 19:54:11.663040,AI_Email_Composer,3557,0.0356,6.14,30
2026-03-10 19:54:11.663078,AI_Code_Refactor,3260,0.0978,19.65,60
2026-02-25 19:54:11.663127,AI_Support_Bot,3297,0.0659,9.27,25
2026-02-24 19:54:11.663166,AI_Code_Refactor,2547,0.0764,16.18,60
2026-03-06 19:54:11.663205,AI_Support_Bot,2542,0.0508,12.96,25
2026-02-24 19:54:11.663243,AI_Email_Composer,3579,0.0358,4.91,30
2026-03-01 19:54:11.663284,AI_Email_Composer,1804,0.018,5.81,30
2026-02-26 19:54:11.663328,AI_Support_Bot,2661,0.0532,8.1,25
2026-02-26 19:54:11.663367,AI_Support_Bot,931,0.0186,9.37,25
2026-02-19 19:54:11.663424,AI_Code_Refactor,1587,0.0476,17.5,60
2026-02-17 19:54:11.663464,AI_Email_Composer,1359,0.0136,7.92,30
2026-03-16 19:54:11.663502,AI_Code_Refactor,1677,0.0503,22.57,60
2026-02-28 19:54:11.663561,AI_Support_Bot,2342,0.0468,9.4,25
2026-02-15 19:54:11.663621,AI_Email_Composer,2412,0.0241,7.51,30
2026-02-19 19:54:11.663721,AI_Email_Composer,2150,0.0215,7.02,30
2026-03-05 19:54:11.663767,AI_Support_Bot,2863,0.0573,10.94,25
2026-03-05 19:54:11.663806,AI_Email_Composer,1770,0.0177,4.39,30
2026-03-09 19:54:11.663844,AI_Email_Composer,3078,0.0308,7.98,30
2026-02-20 19:54:11.663882,AI_Support_Bot,1276,0.0255,11.46,25
2026-02-23 19:54:11.663920,AI_Code_Refactor,1655,0.0496,20.97,60
2026-02-26 19:54:11.663960,AI_Email_Composer,3540,0.0354,6.24,30
2026-03-12 19:54:11.664005,AI_Code_Refactor,3855,0.1156,22.53,60
2026-02-17 19:54:11.664044,AI_Support_Bot,3957,0.0791,8.37,25
2026-03-04 19:54:11.664082,AI_Email_Composer,2568,0.0257,0.24,30
2026-03-14 19:54:11.664121,AI_Support_Bot,3724,0.0745,9.08,25
2026-02-15 19:54:11.664164,AI_Support_Bot,1704,0.0341,12.66,25
2026-03-16 19:54:11.664204,AI_Code_Refactor,3100,0.093,22.2,60
2026-02-26 19:54:11.664243,AI_Email_Composer,3310,0.0331,5.81,30
2026-03-04 19:54:11.664281,AI_Support_Bot,590,0.0118,12.52,25
2026-02-21 19:54:11.664319,AI_Code_Refactor,3207,0.0962,19.96,60
2026-03-08 19:54:11.664357,AI_Code_Refactor,808,0.0242,22.05,60
2026-02-22 19:54:11.664395,AI_Email_Composer,3437,0.0344,5.0,30
2026-02-19 19:54:11.664433,AI_Code_Refactor,746,0.0224,18.03,60
2026-02-17 19:54:11.664471,AI_Email_Composer,3870,0.0387,1.44,30
2026-02-18 19:54:11.664508,AI_Email_Composer,2529,0.0253,8.4,30
2026-03-02 19:54:11.664548,AI_Support_Bot,945,0.0189,9.5,25
2026-02-22 19:54:11.664586,AI_Code_Refactor,2613,0.0784,18.78,60
2026-02-20 19:54:11.664624,AI_Support_Bot,685,0.0137,12.67,25
2026-02-24 19:54:11.664715,AI_Support_Bot,2356,0.0471,7.05,25
2026-02-24 19:54:11.664755,AI_Email_Composer,3493,0.0349,0.26,30
2026-03-13 19:54:11.664793,AI_Email_Composer,1285,0.0129,8.03,30
2026-02-19 19:54:11.664843,AI_Email_Composer,3864,0.0386,5.42,30
2026-02-26 19:54:11.664886,AI_Email_Composer,1414,0.0141,4.24,30
2026-02-21 19:54:11.664925,AI_Code_Refactor,3312,0.0994,20.84,60
2026-02-23 19:54:11.664964,AI_Email_Composer,1030,0.0103,3.23,30
2026-02-17 19:54:11.665002,AI_Email_Composer,2616,0.0262,6.3,30
2026-02-20 19:54:11.665040,AI_Email_Composer,3613,0.0361,2.97,30
2026-03-14 19:54:11.665078,AI_Email_Composer,1480,0.0148,3.51,30
2026-02-28 19:54:11.665116,AI_Support_Bot,1376,0.0275,11.03,25
2026-02-25 19:54:11.665154,AI_Email_Composer,2072,0.0207,5.43,30
2026-02-21 19:54:11.665192,AI_Code_Refactor,3463,0.1039,19.29,60
2026-03-02 19:54:11.665230,AI_Support_Bot,3385,0.0677,8.57,25
2026-03-06 19:54:11.665268,AI_Email_Composer,1413,0.0141,4.49,30
2026-03-05 19:54:11.665307,AI_Code_Refactor,3893,0.1168,22.56,60
2026-02-19 19:54:11.665345,AI_Code_Refactor,2689,0.0807,15.74,60
2026-03-04 19:54:11.665397,AI_Support_Bot,1118,0.0224,11.01,25
2026-02-24 19:54:11.665439,AI_Email_Composer,2395,0.0239,6.32,30
2026-03-04 19:54:11.665478,AI_Code_Refactor,1623,0.0487,20.24,60
2026-02-24 19:54:11.665516,AI_Code_Refactor,1955,0.0587,18.13,60
2026-02-27 19:54:11.665556,AI_Email_Composer,1572,0.0157,5.38,30
2026-03-11 19:54:11.665605,AI_Code_Refactor,1305,0.0391,17.98,60
2026-03-03 19:54:11.665644,AI_Code_Refactor,1324,0.0397,17.95,60
2026-03-12 19:54:11.665730,AI_Email_Composer,3250,0.0325,4.37,30
2026-03-13 19:54:11.665773,AI_Support_Bot,2698,0.054,12.03,25
2026-02-25 19:54:11.665812,AI_Support_Bot,1172,0.0234,8.28,25
2026-03-15 19:54:11.665850,AI_Support_Bot,2784,0.0557,8.09,25
2026-02-16 19:54:11.665888,AI_Code_Refactor,3425,0.1027,21.55,60
2026-03-06 19:54:11.665926,AI_Code_Refactor,1866,0.056,18.76,60
2026-02-17 19:54:11.665964,AI_Code_Refactor,2300,0.069,20.89,60
2026-02-19 19:54:11.666017,AI_Code_Refactor,3888,0.1166,20.77,60
2026-03-12 19:54:11.666079,AI_Code_Refactor,2218,0.0665,19.62,60
2026-02-26 19:54:11.666127,AI_Code_Refactor,3049,0.0915,19.57,60
2026-02-28 19:54:11.666166,AI_Support_Bot,2897,0.0579,9.45,25
2026-03-15 19:54:11.666212,AI_Code_Refactor,2600,0.078,18.4,60
2026-03-01 19:54:11.666250,AI_Email_Composer,1293,0.0129,6.29,30
2026-02-22 19:54:11.666293,AI_Support_Bot,1722,0.0344,10.55,25
2026-03-06 19:54:11.666331,AI_Support_Bot,1902,0.038,9.72,25
2026-03-03 19:54:11.666369,AI_Support_Bot,3504,0.0701,15.37,25
2026-03-11 19:54:11.666406,AI_Code_Refactor,756,0.0227,19.91,60
2026-02-17 19:54:11.666443,AI_Email_Composer,2241,0.0224,4.0,30
2026-03-08 19:54:11.666487,AI_Support_Bot,3989,0.0798,10.46,25
2026-02-18 19:54:11.666525,AI_Code_Refactor,1001,0.03,20.42,60
2026-03-16 19:54:11.666564,AI_Email_Composer,3296,0.033,7.97,30
2026-02-26 19:54:11.666608,AI_Code_Refactor,3850,0.1155,19.08,60
2026-03-05 19:54:11.666765,AI_Support_Bot,2174,0.0435,6.79,25
2026-03-14 19:54:11.666858,AI_Email_Composer,2826,0.0283,1.34,30
2026-03-14 19:54:11.666925,AI_Email_Composer,3279,0.0328,3.83,30
2026-03-07 19:54:11.666999,AI_Support_Bot,1761,0.0352,10.67,25
2026-02-24 19:54:11.667074,AI_Code_Refactor,3126,0.0938,19.58,60
2026-03-11 19:54:11.667128,AI_Support_Bot,3597,0.0719,12.47,25
2026-02-21 19:54:11.667185,AI_Email_Composer,1207,0.0121,5.09,30
2026-02-20 19:54:11.667244,AI_Support_Bot,3488,0.0698,6.7,25
2026-03-01 19:54:11.667296,AI_Support_Bot,1352,0.027,6.67,25
2026-02-25 19:54:11.667352,AI_Code_Refactor,3189,0.0957,19.74,60
2026-02-28 19:54:11.667433,AI_Code_Refactor,2622,0.0787,17.32,60
2026-02-20 19:54:11.667530,AI_Email_Composer,1121,0.0112,8.46,30
2026-03-09 19:54:11.667595,AI_Email_Composer,2756,0.0276,4.32,30
2026-02-22 19:54:11.667716,AI_Email_Composer,2847,0.0285,4.87,30
2026-03-11 19:54:11.667781,AI_Support_Bot,2170,0.0434,10.64,25
2026-02-27 19:54:11.667846,AI_Support_Bot,3804,0.0761,6.83,25
2026-03-07 19:54:11.667900,AI_Support_Bot,3135,0.0627,9.45,25
2026-03-09 19:54:11.667955,AI_Email_Composer,840,0.0084,5.13,30
2026-03-10 19:54:11.668008,AI_Support_Bot,2263,0.0453,8.63,25
2026-02-18 19:54:11.668059,AI_Support_Bot,2497,0.0499,12.5,25
2026-03-09 19:54:11.668110,AI_Code_Refactor,549,0.0165,20.58,60
2026-03-12 19:54:11.668159,AI_Support_Bot,2580,0.0516,11.78,25
2026-03-11 19:54:11.668208,AI_Code_Refactor,1675,0.0502,19.99,60
2026-03-06 19:54:11.668261,AI_Email_Composer,3544,0.0354,3.19,30
2026-03-16 19:54:11.668314,AI_Email_Composer,818,0.0082,5.26,30
2026-02-23 19:54:11.668369,AI_Support_Bot,3749,0.075,10.68,25
2026-03-04 19:54:11.668433,AI_Email_Composer,1549,0.0155,4.67,30
2026-02-17 19:54:11.668506,AI_Support_Bot,2024,0.0405,12.1,25
2026-03-12 19:54:11.668571,AI_Support_Bot,1218,0.0244,9.92,25
2026-03-06 19:54:11.668637,AI_Code_Refactor,1572,0.0472,22.72,60
2026-02-17 19:54:11.668778,AI_Code_Refactor,3722,0.1117,21.88,60
2026-02-24 19:54:11.668842,AI_Email_Composer,2030,0.0203,2.7,30
2026-02-26 19:54:11.668904,AI_Support_Bot,3795,0.0759,6.99,25
2026-03-11 19:54:11.668953,AI_Code_Refactor,2181,0.0654,21.73,60
2026-03-15 19:54:11.668992,AI_Support_Bot,807,0.0161,9.61,25
2026-02-25 19:54:11.669041,AI_Email_Composer,664,0.0066,5.68,30
2026-02-25 19:54:11.669080,AI_Email_Composer,1410,0.0141,6.0,30
2026-02-21 19:54:11.669119,AI_Email_Composer,2965,0.0296,1.74,30
2026-02-23 19:54:11.669158,AI_Email_Composer,3409,0.0341,4.67,30
2026-03-09 19:54:11.669196,AI_Email_Composer,833,0.0083,4.65,30
2026-02-25 19:54:11.669234,AI_Code_Refactor,573,0.0172,17.59,60
2026-03-10 19:54:11.669272,AI_Email_Composer,3749,0.0375,7.36,30
2026-02-28 19:54:11.669309,AI_Email_Composer,1409,0.0141,3.35,30
2026-03-02 19:54:11.669347,AI_Support_Bot,3844,0.0769,12.04,25
2026-02-16 19:54:11.669385,AI_Code_Refactor,2230,0.0669,19.92,60
2026-02-19 19:54:11.669442,AI_Email_Composer,2185,0.0219,3.02,30
2026-03-14 19:54:11.669483,AI_Email_Composer,877,0.0088,1.22,30
2026-02-23 19:54:11.669521,AI_Code_Refactor,2147,0.0644,21.61,60
2026-02-16 19:54:11.669559,AI_Email_Composer,2566,0.0257,3.51,30
2026-03-11 19:54:11.669599,AI_Support_Bot,2571,0.0514,7.85,25
2026-02-26 19:54:11.669639,AI_Support_Bot,3740,0.0748,11.2,25
2026-03-14 19:54:11.669742,AI_Email_Composer,3681,0.0368,5.74,30
2026-02-24 19:54:11.669783,AI_Support_Bot,2555,0.0511,12.19,25
2026-02-25 19:54:11.669822,AI_Email_Composer,1380,0.0138,5.54,30
2026-02-27 19:54:11.669868,AI_Support_Bot,3079,0.0616,11.37,25
2026-03-04 19:54:11.669916,AI_Code_Refactor,2487,0.0746,18.56,60
2026-03-04 19:54:11.669971,AI_Email_Composer,1074,0.0107,5.31,30
2026-02-18 19:54:11.670027,AI_Email_Composer,3649,0.0365,4.08,30
2026-02-26 19:54:11.670081,AI_Code_Refactor,3191,0.0957,19.27,60
2026-02-21 19:54:11.670136,AI_Code_Refactor,624,0.0187,21.32,60
2026-02-18 19:54:11.670189,AI_Support_Bot,3740,0.0748,9.8,25
2026-02-17 19:54:11.670252,AI_Email_Composer,1635,0.0163,4.29,30
2026-02-25 19:54:11.670309,AI_Email_Composer,921,0.0092,6.32,30
2026-02-16 19:54:11.670356,AI_Support_Bot,3451,0.069,10.32,25
2026-02-22 19:54:11.670395,AI_Code_Refactor,2966,0.089,21.28,60
2026-03-15 19:54:11.670434,AI_Email_Composer,2823,0.0282,2.97,30
2026-02-25 19:54:11.670472,AI_Code_Refactor,546,0.0164,20.68,60
2026-03-01 19:54:11.670509,AI_Email_Composer,1412,0.0141,4.93,30
2026-02-16 19:54:11.670553,AI_Email_Composer,704,0.007,6.16,30
2026-03-15 19:54:11.670592,AI_Email_Composer,1573,0.0157,2.31,30
2026-03-07 19:54:11.670629,AI_Email_Composer,2482,0.0248,6.56,30
2026-03-09 19:54:11.670723,AI_Email_Composer,1030,0.0103,5.27,30
2026-03-12 19:54:11.670763,AI_Code_Refactor,633,0.019,22.68,60
2026-02-16 19:54:11.670801,AI_Code_Refactor,3842,0.1153,17.62,60
2026-03-09 19:54:11.670847,AI_Email_Composer,2748,0.0275,3.86,30
2026-02-28 19:54:11.670892,AI_Code_Refactor,3894,0.1168,19.44,60
2026-03-15 19:54:11.670930,AI_Support_Bot,954,0.0191,10.36,25
2026-03-04 19:54:11.670968,AI_Email_Composer,2945,0.0295,9.41,30
2026-03-12 19:54:11.671007,AI_Email_Composer,2155,0.0215,4.61,30
2026-02-15 19:54:11.671046,AI_Support_Bot,909,0.0182,9.71,25
2026-03-14 19:54:11.671084,AI_Email_Composer,779,0.0078,4.62,30
2026-02-21 19:54:11.671122,AI_Code_Refactor,2938,0.0881,21.02,60
2026-02-17 19:54:11.671166,AI_Support_Bot,2889,0.0578,6.95,25
2026-03-11 19:54:11.671207,AI_Email_Composer,2186,0.0219,6.34,30
2026-03-16 19:54:11.671247,AI_Support_Bot,2363,0.0473,9.62,25
2026-03-05 19:54:11.671286,AI_Email_Composer,1515,0.0151,1.97,30
2026-02-24 19:54:11.671325,AI_Support_Bot,2122,0.0424,9.02,25
2026-03-08 19:54:11.671363,AI_Code_Refactor,3160,0.0948,19.67,60
2026-02-22 19:54:11.671402,AI_Support_Bot,2164,0.0433,10.74,25
2026-02-15 19:54:11.671461,AI_Code_Refactor,3117,0.0935,22.4,60
2026-02-19 19:54:11.671500,AI_Code_Refactor,2295,0.0688,19.72,60
2026-02-25 19:54:11.671538,AI_Email_Composer,2809,0.0281,4.11,30
2026-03-06 19:54:11.671577,AI_Email_Composer,765,0.0077,4.51,30
2026-03-15 19:54:11.671625,AI_Code_Refactor,3716,0.1115,21.68,60
2026-02-28 19:54:11.671719,AI_Code_Refactor,2599,0.078,19.6,60
2026-02-22 19:54:11.671780,AI_Email_Composer,3655,0.0365,4.27,30
2026-02-22 19:54:11.671838,AI_Code_Refactor,2708,0.0812,20.47,60
2026-03-10 19:54:11.671880,AI_Support_Bot,3763,0.0753,7.38,25
2026-03-02 19:54:11.671919,AI_Support_Bot,3933,0.0787,8.61,25
2026-02-16 19:54:11.671957,AI_Code_Refactor,3706,0.1112,18.62,60
2026-02-25 19:54:11.671997,AI_Support_Bot,509,0.0102,10.09,25
2026-02-25 19:54:11.672035,AI_Email_Composer,944,0.0094,6.31,30
2026-02-15 19:54:11.672074,AI_Email_Composer,3178,0.0318,8.66,30
2026-02-24 19:54:11.672111,AI_Email_Composer,2002,0.02,6.84,30
2026-02-21 19:54:11.672149,AI_Email_Composer,3820,0.0382,2.62,30
2026-02-21 19:54:11.672187,AI_Code_Refactor,3102,0.0931,20.53,60
2026-02-27 19:54:11.672226,AI_Email_Composer,2821,0.0282,6.8,30
2026-03-10 19:54:11.672264,AI_Support_Bot,1682,0.0336,10.03,25
2026-03-09 19:54:11.672303,AI_Email_Composer,3860,0.0386,6.31,30
2026-02-26 19:54:11.672340,AI_Email_Composer,3736,0.0374,10.28,30
2026-03-16 19:54:11.672378,AI_Email_Composer,2355,0.0236,2.66,30
2026-02-16 19:54:11.672421,AI_Support_Bot,3723,0.0745,8.96,25
2026-02-20 19:54:11.672459,AI_Email_Composer,2984,0.0298,-0.1,30
2026-03-04 19:54:11.672505,AI_Support_Bot,1122,0.0224,10.22,25
2026-02-23 19:54:11.672544,AI_Code_Refactor,1014,0.0304,19.51,60
2026-02-26 19:54:11.672582,AI_Email_Composer,696,0.007,4.36,30
2026-02-18 19:54:11.672621,AI_Email_Composer,592,0.0059,1.92,30
2026-03-04 19:54:11.672714,AI_Support_Bot,2440,0.0488,12.07,25
2026-02-15 19:54:11.672758,AI_Support_Bot,2624,0.0525,8.2,25
2026-02-23 19:54:11.672797,AI_Email_Composer,679,0.0068,5.07,30
2026-03-11 19:54:11.672835,AI_Email_Composer,1811,0.0181,8.08,30
2026-03-04 19:54:11.672873,AI_Support_Bot,3432,0.0686,11.62,25
2026-02-19 19:54:11.672911,AI_Support_Bot,3729,0.0746,11.75,25
2026-02-17 19:54:11.672948,AI_Email_Composer,1071,0.0107,3.95,30
2026-03-15 19:54:11.672986,AI_Email_Composer,1095,0.0109,7.19,30
2026-03-05 19:54:11.673025,AI_Email_Composer,1956,0.0196,5.9,30
2026-03-16 19:54:11.673062,AI_Support_Bot,703,0.0141,9.75,25
2026-02-16 19:54:11.673100,AI_Email_Composer,3204,0.032,4.15,30
2026-02-20 19:54:11.673138,AI_Email_Composer,3384,0.0338,1.84,30
2026-03-06 19:54:11.673182,AI_Code_Refactor,2036,0.0611,20.18,60
2026-03-02 19:54:11.673221,AI_Code_Refactor,3509,0.1053,19.69,60
2026-02-20 19:54:11.673259,AI_Support_Bot,1852,0.037,6.6,25
2026-02-25 19:54:11.673308,AI_Support_Bot,3250,0.065,6.65,25
2026-02-28 19:54:11.673347,AI_Code_Refactor,2747,0.0824,22.41,60
2026-03-03 19:54:11.673386,AI_Support_Bot,1889,0.0378,8.01,25
2026-03-14 19:54:11.673424,AI_Code_Refactor,3033,0.091,17.05,60
2026-02-26 19:54:11.673487,AI_Email_Composer,2370,0.0237,6.78,30
2026-03-16 19:54:11.673525,AI_Email_Composer,3090,0.0309,3.3,30
2026-02-26 19:54:11.673563,AI_Support_Bot,1283,0.0257,14.16,25
2026-02-28 19:54:11.673603,AI_Email_Composer,2162,0.0216,6.9,30
2026-03-16 19:54:11.673641,AI_Support_Bot,3692,0.0738,7.73,25
2026-02-20 19:54:11.673730,AI_Email_Composer,1014,0.0101,2.52,30
2026-03-01 19:54:11.673770,AI_Code_Refactor,2696,0.0809,17.41,60
2026-03-06 19:54:11.673808,AI_Support_Bot,1108,0.0222,9.02,25
2026-02-18 19:54:11.673847,AI_Support_Bot,2096,0.0419,11.26,25
2026-02-17 19:54:11.673885,AI_Code_Refactor,695,0.0208,20.17,60
2026-02-20 19:54:11.673924,AI_Code_Refactor,2782,0.0835,20.31,60
2026-02-25 19:54:11.673962,AI_Support_Bot,3568,0.0714,9.52,25
2026-02-22 19:54:11.674000,AI_Code_Refactor,2694,0.0808,19.81,60
2026-02-24 19:54:11.674037,AI_Code_Refactor,1502,0.0451,17.33,60
2026-03-06 19:54:11.674075,AI_Support_Bot,963,0.0193,9.75,25
2026-02-25 19:54:11.674112,AI_Code_Refactor,1653,0.0496,18.22,60
2026-02-26 19:54:11.674158,AI_Support_Bot,722,0.0144,8.91,25
2026-02-17 19:54:11.674197,AI_Email_Composer,3999,0.04,6.39,30
2026-03-08 19:54:11.674236,AI_Code_Refactor,2232,0.067,20.36,60
2026-03-10 19:54:11.674277,AI_Support_Bot,3645,0.0729,10.05,25
2026-03-11 19:54:11.674316,AI_Support_Bot,2293,0.0459,6.19,25
2026-03-15 19:54:11.674363,AI_Support_Bot,3006,0.0601,7.6,25
2026-03-02 19:54:11.674421,AI_Email_Composer,1282,0.0128,3.88,30
2026-03-05 19:54:11.674481,AI_Code_Refactor,3595,0.1079,20.64,60
2026-03-10 19:54:11.674543,AI_Email_Composer,753,0.0075,3.43,30
2026-03-02 19:54:11.674605,AI_Support_Bot,2967,0.0593,11.1,25
2026-02-19 19:54:11.674695,AI_Email_Composer,1692,0.0169,6.22,30
2026-02-16 19:54:11.674739,AI_Email_Composer,797,0.008,4.03,30
2026-02-26 19:54:11.674779,AI_Support_Bot,3385,0.0677,6.11,25
2026-02-24 19:54:11.674823,AI_Code_Refactor,3255,0.0976,19.09,60
2026-02-19 19:54:11.674864,AI_Code_Refactor,1700,0.051,23.22,60
2026-02-28 19:54:11.674902,AI_Support_Bot,3722,0.0744,13.22,25
2026-02-22 19:54:11.674940,AI_Support_Bot,1366,0.0273,9.42,25
2026-03-11 19:54:11.674978,AI_Code_Refactor,2429,0.0729,19.76,60
2026-03-13 19:54:11.675016,AI_Email_Composer,1628,0.0163,3.69,30
2026-03-13 19:54:11.675060,AI_Code_Refactor,1094,0.0328,22.27,60
2026-03-04 19:54:11.675098,AI_Code_Refactor,638,0.0191,22.76,60
2026-03-04 19:54:11.675136,AI_Email_Composer,3921,0.0392,7.15,30
2026-03-11 19:54:11.675174,AI_Code_Refactor,2388,0.0716,19.16,60
2026-02-25 19:54:11.675210,AI_Email_Composer,2372,0.0237,2.27,30
2026-02-23 19:54:11.675249,AI_Email_Composer,1125,0.0112,2.16,30
2026-03-05 19:54:11.675287,AI_Support_Bot,3873,0.0775,12.42,25
2026-03-16 19:54:11.675324,AI_Email_Composer,2797,0.028,6.54,30
2026-02-17 19:54:11.675362,AI_Code_Refactor,1632,0.049,19.61,60
2026-03-09 19:54:11.675400,AI_Code_Refactor,1732,0.052,15.54,60
2026-03-05 19:54:11.675438,AI_Code_Refactor,2109,0.0633,24.09,60
2026-03-03 19:54:11.675496,AI_Code_Refactor,3698,0.1109,21.32,60
2026-03-15 19:54:11.675582,AI_Support_Bot,695,0.0139,11.2,25
2026-02-22 19:54:11.675704,AI_Email_Composer,1926,0.0193,9.18,30
2026-02-24 19:54:11.675767,AI_Email_Composer,1828,0.0183,5.29,30
2026-02-22 19:54:11.675820,AI_Support_Bot,3979,0.0796,10.87,25
2026-02-24 19:54:11.675878,AI_Code_Refactor,2282,0.0685,20.75,60
2026-03-08 19:54:11.675936,AI_Code_Refactor,977,0.0293,23.45,60
2026-02-23 19:54:11.675988,AI_Email_Composer,1235,0.0124,5.79,30
2026-02-18 19:54:11.676046,AI_Email_Composer,1117,0.0112,-0.47,30
2026-03-08 19:54:11.676104,AI_Code_Refactor,2861,0.0858,20.34,60
2026-03-04 19:54:11.676144,AI_Code_Refactor,2778,0.0833,22.55,60
2026-02-24 19:54:11.676182,AI_Code_Refactor,3063,0.0919,18.73,60
2026-02-18 19:54:11.676221,AI_Code_Refactor,2653,0.0796,15.24,60
2026-02-19 19:54:11.676260,AI_Support_Bot,1174,0.0235,10.24,25
2026-02-25 19:54:11.676305,AI_Code_Refactor,1344,0.0403,18.88,60
2026-03-02 19:54:11.676344,AI_Email_Composer,3030,0.0303,3.53,30
2026-03-09 19:54:11.676383,AI_Support_Bot,1516,0.0303,8.76,25
2026-03-08 19:54:11.676426,AI_Code_Refactor,3567,0.107,22.03,60
2026-02-27 19:54:11.676465,AI_Email_Composer,1442,0.0144,7.3,30
2026-02-19 19:54:11.676504,AI_Email_Composer,1679,0.0168,2.52,30
2026-02-24 19:54:11.676541,AI_Support_Bot,2267,0.0453,10.18,25
2026-03-07 19:54:11.676582,AI_Code_Refactor,2867,0.086,19.49,60
2026-02-20 19:54:11.676620,AI_Code_Refactor,591,0.0177,18.38,60
2026-03-09 19:54:11.676713,AI_Code_Refactor,1619,0.0486,22.04,60
2026-03-10 19:54:11.676755,AI_Code_Refactor,3839,0.1152,21.92,60
2026-02-21 19:54:11.676793,AI_Support_Bot,1301,0.026,10.69,25
2026-03-13 19:54:11.676834,AI_Email_Composer,652,0.0065,4.84,30
2026-02-16 19:54:11.676871,AI_Support_Bot,1113,0.0223,11.29,25
2026-03-03 19:54:11.676917,AI_Email_Composer,1051,0.0105,6.03,30
2026-02-23 19:54:11.676954,AI_Code_Refactor,2292,0.0688,22.55,60
2026-03-05 19:54:11.676993,AI_Email_Composer,2390,0.0239,5.02,30
2026-03-09 19:54:11.677031,AI_Support_Bot,3082,0.0616,10.29,25
2026-02-20 19:54:11.677069,AI_Email_Composer,3612,0.0361,8.29,30
2026-03-01 19:54:11.677107,AI_Code_Refactor,612,0.0184,23.3,60
2026-02-28 19:54:11.677144,AI_Code_Refactor,3684,0.1105,17.54,60
2026-03-07 19:54:11.677182,AI_Support_Bot,2059,0.0412,8.66,25
2026-03-06 19:54:11.677219,AI_Email_Composer,2589,0.0259,4.11,30
2026-02-20 19:54:11.677257,AI_Support_Bot,2620,0.0524,12.66,25
2026-03-16 19:54:11.677295,AI_Email_Composer,3208,0.0321,7.19,30
2026-03-10 19:54:11.677333,AI_Support_Bot,3976,0.0795,10.51,25
2026-03-10 19:54:11.677372,AI_Support_Bot,673,0.0135,6.99,25
2026-03-09 19:54:11.677410,AI_Code_Refactor,773,0.0232,21.52,60
2026-02-25 19:54:11.677447,AI_Support_Bot,684,0.0137,7.91,25
2026-03-10 19:54:11.677508,AI_Code_Refactor,813,0.0244,19.52,60
2026-03-11 19:54:11.677546,AI_Support_Bot,3642,0.0728,9.13,25
2026-02-24 19:54:11.677583,AI_Email_Composer,1900,0.019,6.04,30
2026-02-27 19:54:11.677621,AI_Code_Refactor,1008,0.0302,18.7,60
2026-03-06 19:54:11.677700,AI_Code_Refactor,2782,0.0835,19.38,60
2026-02-22 19:54:11.677772,AI_Email_Composer,3944,0.0394,3.95,30
2026-03-10 19:54:11.677828,AI_Email_Composer,3798,0.038,5.97,30
2026-02-17 19:54:11.677888,AI_Email_Composer,3625,0.0362,3.51,30
2026-02-21 19:54:11.677941,AI_Support_Bot,3568,0.0714,12.03,25
2026-03-12 19:54:11.678341,AI_Code_Refactor,2227,0.0668,22.2,60
2026-02-27 19:54:11.678450,AI_Code_Refactor,3179,0.0954,23.26,60
2026-03-04 19:54:11.678520,AI_Support_Bot,558,0.0112,9.04,25
2026-03-14 19:54:11.678580,AI_Support_Bot,1244,0.0249,6.94,25
2026-02-17 19:54:11.678642,AI_Code_Refactor,1276,0.0383,18.47,60
2026-03-04 19:54:11.678710,AI_Email_Composer,2080,0.0208,2.58,30
2026-03-01 19:54:11.678770,AI_Code_Refactor,3609,0.1083,20.07,60
2026-03-07 19:54:11.678834,AI_Code_Refactor,917,0.0275,16.32,60
2026-02-23 19:54:11.678898,AI_Code_Refactor,1248,0.0374,21.78,60
2026-03-02 19:54:11.678963,AI_Code_Refactor,2187,0.0656,22.29,60
2026-02-26 19:54:11.679136,AI_Code_Refactor,1993,0.0598,19.14,60
2026-02-25 19:54:11.679204,AI_Code_Refactor,1477,0.0443,23.89,60
2026-03-05 19:54:11.679266,AI_Email_Composer,1470,0.0147,8.09,30
2026-02-19 19:54:11.679330,AI_Email_Composer,3451,0.0345,1.38,30
2026-02-26 19:54:11.679397,AI_Email_Composer,1041,0.0104,7.33,30
2026-03-05 19:54:11.679453,AI_Email_Composer,3410,0.0341,2.1,30
2026-02-19 19:54:11.679493,AI_Code_Refactor,2379,0.0714,21.71,60
2026-03-14 19:54:11.679532,AI_Code_Refactor,3324,0.0997,16.15,60
2026-03-09 19:54:11.679571,AI_Support_Bot,2635,0.0527,12.21,25
2026-02-17 19:54:11.679609,AI_Email_Composer,3349,0.0335,4.0,30
2026-02-20 19:54:11.679648,AI_Email_Composer,2526,0.0253,5.32,30
2026-02-27 19:54:11.679711,AI_Code_Refactor,2327,0.0698,21.27,60
2026-02-18 19:54:11.679751,AI_Email_Composer,2178,0.0218,5.57,30
2026-02-22 19:54:11.679790,AI_Email_Composer,3041,0.0304,7.95,30
2026-03-09 19:54:11.679828,AI_Email_Composer,3494,0.0349,3.77,30
2026-02-27 19:54:11.679881,AI_Email_Composer,3488,0.0349,3.87,30
2026-02-24 19:54:11.679920,AI_Code_Refactor,3258,0.0977,20.39,60
2026-03-11 19:54:11.679982,AI_Code_Refactor,1850,0.0555,18.52,60
2026-02-20 19:54:11.680023,AI_Email_Composer,503,0.005,5.03,30
2026-02-20 19:54:11.680063,AI_Email_Composer,2090,0.0209,4.26,30
2026-03-04 19:54:11.680151,AI_Email_Composer,981,0.0098,5.56,30
2026-03-16 19:54:11.680190,AI_Support_Bot,1137,0.0227,7.67,25
2026-02-18 19:54:11.680236,AI_Email_Composer,683,0.0068,4.19,30
2026-03-02 19:54:11.680276,AI_Email_Composer,631,0.0063,4.35,30
2026-02-16 19:54:11.680333,AI_Code_Refactor,1287,0.0386,21.04,60
2026-03-03 19:54:11.680400,AI_Email_Composer,3128,0.0313,2.38,30
2026-02-22 19:54:11.680469,AI_Support_Bot,2709,0.0542,8.12,25
2026-02-21 19:54:11.680563,AI_Email_Composer,2553,0.0255,2.14,30
2026-02-18 19:54:11.680632,AI_Code_Refactor,738,0.0221,19.88,60
2026-03-07 19:54:11.680697,AI_Support_Bot,1348,0.027,10.31,25
2026-03-11 19:54:11.680749,AI_Email_Composer,3152,0.0315,5.04,30
2026-03-16 19:54:11.680844,AI_Email_Composer,1702,0.017,1.98,30
2026-03-07 19:54:11.680906,AI_Support_Bot,3348,0.067,10.0,25
2026-03-09 19:54:11.680962,AI_Email_Composer,755,0.0076,3.1,30
2026-03-15 19:54:11.681021,AI_Email_Composer,1762,0.0176,2.52,30
2026-03-14 19:54:11.681165,AI_Code_Refactor,2932,0.088,16.91,60
2026-03-08 19:54:11.681230,AI_Email_Composer,1581,0.0158,2.56,30
2026-03-14 19:54:11.681285,AI_Support_Bot,2879,0.0576,11.29,25
2026-03-05 19:54:11.681326,AI_Support_Bot,2402,0.048,9.63,25
2026-02-16 19:54:11.681374,AI_Email_Composer,550,0.0055,4.56,30
2026-03-08 19:54:11.681427,AI_Email_Composer,2974,0.0297,2.23,30
2026-02-23 19:54:11.681468,AI_Support_Bot,3731,0.0746,10.53,25
2026-03-05 19:54:11.681522,AI_Code_Refactor,2252,0.0676,22.28,60
2026-02-19 19:54:11.681563,AI_Code_Refactor,1900,0.057,20.09,60
2026-02-25 19:54:11.681615,AI_Code_Refactor,3469,0.1041,21.21,60
2026-03-15 19:54:11.681813,AI_Email_Composer,1204,0.012,5.49,30
2026-02-20 19:54:11.681940,AI_Support_Bot,1974,0.0395,9.28,25
2026-02-22 19:54:11.682089,AI_Code_Refactor,3101,0.093,20.31,60
2026-02-17 19:54:11.682158,AI_Email_Composer,2433,0.0243,4.89,30
2026-03-15 19:54:11.682206,AI_Email_Composer,3418,0.0342,3.77,30
2026-02-24 19:54:11.682259,AI_Code_Refactor,2650,0.0795,21.4,60
2026-03-16 19:54:11.682301,AI_Code_Refactor,864,0.0259,18.55,60
2026-02-15 19:54:11.682340,AI_Support_Bot,3029,0.0606,10.94,25
2026-02-23 19:54:11.682379,AI_Code_Refactor,905,0.0272,20.7,60
2026-03-06 19:54:11.682419,AI_Support_Bot,3525,0.0705,7.89,25
2026-03-05 19:54:11.682457,AI_Email_Composer,3545,0.0355,4.23,30
2026-03-07 19:54:11.682496,AI_Support_Bot,1395,0.0279,11.32,25
2026-02-26 19:54:11.682551,AI_Code_Refactor,980,0.0294,22.28,60
